{
    "0": {
        "precision": 0.6520005798782256,
        "recall": 0.9262691792812274,
        "f1-score": 0.7653039520142936,
        "support": 9711.0
    },
    "1": {
        "precision": 0.9181527206218564,
        "recall": 0.6258863866593938,
        "f1-score": 0.7443584634632315,
        "support": 12833.0
    },
    "accuracy": 0.7552785663591199,
    "macro avg": {
        "precision": 0.785076650250041,
        "recall": 0.7760777829703106,
        "f1-score": 0.7548312077387626,
        "support": 22544.0
    },
    "weighted avg": {
        "precision": 0.8035056553822628,
        "recall": 0.7552785663591199,
        "f1-score": 0.7533808924607194,
        "support": 22544.0
    }
}