{
    "0": {
        "precision": 0.6892826610709567,
        "recall": 0.9132942024508289,
        "f1-score": 0.7856320311807955,
        "support": 9711.0
    },
    "1": {
        "precision": 0.9129895628810581,
        "recall": 0.6884594405049482,
        "f1-score": 0.7849844513549533,
        "support": 12833.0
    },
    "accuracy": 0.7853087295954577,
    "macro avg": {
        "precision": 0.8011361119760074,
        "recall": 0.8008768214778885,
        "f1-score": 0.7853082412678745,
        "support": 22544.0
    },
    "weighted avg": {
        "precision": 0.8166261081490721,
        "recall": 0.7853087295954577,
        "f1-score": 0.7852634013056611,
        "support": 22544.0
    }
}