{
    "0": {
        "precision": 0.6599510318293109,
        "recall": 0.9714756461744414,
        "f1-score": 0.7859701741231359,
        "support": 9711.0
    },
    "1": {
        "precision": 0.9664201721420779,
        "recall": 0.6212109405439102,
        "f1-score": 0.756284982449483,
        "support": 12833.0
    },
    "accuracy": 0.7720901348474095,
    "macro avg": {
        "precision": 0.8131856019856945,
        "recall": 0.7963432933591759,
        "f1-score": 0.7711275782863094,
        "support": 22544.0
    },
    "weighted avg": {
        "precision": 0.8344062517385434,
        "recall": 0.7720901348474095,
        "f1-score": 0.7690721052468057,
        "support": 22544.0
    }
}