{
    "0": {
        "precision": 0.6777948605315177,
        "recall": 0.9533518690145196,
        "f1-score": 0.7922978177150193,
        "support": 9711.0
    },
    "1": {
        "precision": 0.9490151941474395,
        "recall": 0.6570560274292839,
        "f1-score": 0.7764987567916014,
        "support": 12833.0
    },
    "accuracy": 0.7846877217885024,
    "macro avg": {
        "precision": 0.8134050273394786,
        "recall": 0.8052039482219018,
        "f1-score": 0.7843982872533104,
        "support": 22544.0
    },
    "weighted avg": {
        "precision": 0.8321849661602049,
        "recall": 0.7846877217885024,
        "f1-score": 0.7833043228236858,
        "support": 22544.0
    }
}